ID,Phone Number
1,8985992063
2,6252918953
3,7368468998
4,5615067809
5,2332586218
6,6667489544
7,16977022965
8,7399212296
9,12206414864
10,6954339728
11,9044090530
12,13123799267
13,8717982183
14,6857901184
15,6904113222
16,18837927792
17,17118970134
18,15719090023
19,6742922712
20,9118917030
21,3347048839
22,9603258121
23,2292167813
24,17328415182
25,14744445582
26,8909443961
27,9244756039
28,2143248876
29,6482555123
30,3458585702
31,9478277450
32,3984148393
33,6463755106
34,8268343746
35,7223952505
36,16974124788
37,7689788499
38,7773746099
39,15973749150
40,2634732476
41,2007837192
42,17144761597
43,4343071674
44,19884458087
45,9846058071
46,9697686684
47,14056944215
48,3718849441
49,4945191337
50,6357352526
51,4634028124
52,8904107175
53,13568503062
54,8508911959
55,2706349431
56,4985824325
57,3598094491
58,17417537205
59,4815043174
60,9532664769
61,6718562318
62,7138209308
63,2882058498
64,9455069735
65,2415344007
66,9257699487
67,5322053207
68,14604111817
69,15754202197
70,3304619421
71,9024919065
72,3936479638
73,2279972925
74,13895450214
75,3014496865
76,7923593607
77,5737623950
78,13266887598
79,6969575984
80,7254429237
81,16114875043
82,7254925187
83,9487402799
84,14414952151
85,12864018727
86,9646299850
87,3024838618
88,9273829432
89,16225329572
90,7736063161
91,8486072624
92,19067670726
93,2398638039
94,14268434769
95,17139976116
96,4437708655
97,9853050832
98,5614898253
99,15719335399
100,16522572369
